"Reference","Stage","Reviewer","Decision","Reason","At"
"R-01","title-abstract","Bernardo Ibarra Infante","include","","2026-09-07T19:04:13.283Z"
"R-01","title-abstract","Remberto Sandoval Arechiga","include","","2026-09-07T20:31:52.476Z"
"R-01","full-text","Remberto Sandoval Arechiga","include","","2026-09-07T19:45:26.884Z"
"R-01","full-text","Bernardo Ibarra Infante","include","","2026-09-07T19:45:34.683Z"
"R-01","full-text","Remberto","include","","2026-09-08T15:14:11.284Z"
"R-02","title-abstract","Bernardo Ibarra Infante","exclude","Wrong intervention","2026-09-07T19:04:24.683Z"
"R-02","title-abstract","Remberto Sandoval Arechiga","exclude","Wrong intervention","2026-09-07T20:32:03.608Z"
"R-03","title-abstract","Bernardo Ibarra Infante","exclude","Wrong intervention","2026-09-07T19:04:40.065Z"
"R-03","title-abstract","Remberto Sandoval Arechiga","exclude","Wrong intervention","2026-09-07T20:32:16.410Z"
"R-04","title-abstract","Bernardo Ibarra Infante","exclude","Wrong population","2026-09-07T19:04:45.946Z"
"R-04","title-abstract","Remberto Sandoval Arechiga","exclude","Wrong population","2026-09-07T20:32:19.583Z"
"R-05","title-abstract","Bernardo Ibarra Infante","exclude","Wrong intervention","2026-09-07T19:04:57.838Z"
"R-05","title-abstract","Remberto Sandoval Arechiga","exclude","Wrong intervention","2026-09-07T20:32:28.611Z"
"R-06","title-abstract","Bernardo Ibarra Infante","exclude","Wrong intervention","2026-09-07T19:05:03.429Z"
"R-06","title-abstract","Remberto Sandoval Arechiga","exclude","Wrong population","2026-09-07T20:32:37.733Z"
"R-07","title-abstract","Bernardo Ibarra Infante","exclude","Wrong intervention","2026-09-07T19:05:13.435Z"
"R-07","title-abstract","Remberto Sandoval Arechiga","exclude","Wrong intervention","2026-09-07T20:32:42.464Z"
"R-08","title-abstract","Bernardo Ibarra Infante","exclude","Wrong population","2026-09-07T19:05:18.314Z"
"R-08","title-abstract","Remberto Sandoval Arechiga","exclude","Wrong population","2026-09-07T20:32:49.244Z"
"R-09","title-abstract","Bernardo Ibarra Infante","exclude","Wrong population","2026-09-07T19:05:22.673Z"
"R-09","title-abstract","Remberto Sandoval Arechiga","exclude","Wrong population","2026-09-07T20:32:51.907Z"
"R-10","title-abstract","Bernardo Ibarra Infante","exclude","Wrong intervention","2026-09-07T19:05:28.540Z"
"R-10","title-abstract","Remberto Sandoval Arechiga","exclude","Wrong intervention","2026-09-07T20:32:57.138Z"
"R-11","title-abstract","Bernardo Ibarra Infante","exclude","Wrong intervention","2026-09-07T19:05:35.037Z"
"R-11","title-abstract","Remberto Sandoval Arechiga","exclude","Wrong population","2026-09-07T20:33:00.712Z"
"R-12","title-abstract","Bernardo Ibarra Infante","exclude","Wrong intervention","2026-09-07T19:05:44.788Z"
"R-12","title-abstract","Remberto Sandoval Arechiga","exclude","Wrong intervention","2026-09-07T20:33:05.608Z"
"R-13","title-abstract","Bernardo Ibarra Infante","exclude","Wrong intervention","2026-09-07T19:05:50.427Z"
"R-13","title-abstract","Remberto Sandoval Arechiga","exclude","Wrong intervention","2026-09-07T20:33:09.579Z"
"R-14","title-abstract","Bernardo Ibarra Infante","include","","2026-09-07T19:06:05.666Z"
"R-14","title-abstract","Remberto Sandoval Arechiga","include","","2026-09-07T20:33:12.309Z"
"R-14","full-text","Bernardo Ibarra Infante","include","","2026-09-07T19:57:45.723Z"
"R-14","full-text","Remberto Sandoval Arechiga","include","","2026-09-07T20:46:11.055Z"
"R-15","title-abstract","Bernardo Ibarra Infante","exclude","Wrong population","2026-09-07T19:06:28.034Z"
"R-15","title-abstract","Remberto Sandoval Arechiga","exclude","Wrong population","2026-09-07T20:33:16.045Z"
"R-16","title-abstract","Bernardo Ibarra Infante","exclude","Wrong population","2026-09-07T19:06:30.839Z"
"R-16","title-abstract","Remberto Sandoval Arechiga","exclude","Wrong population","2026-09-07T20:33:19.941Z"
"R-17","title-abstract","Bernardo Ibarra Infante","exclude","Wrong intervention","2026-09-07T19:06:45.478Z"
"R-17","title-abstract","Remberto Sandoval Arechiga","maybe","","2026-09-07T20:33:57.011Z"
"R-18","title-abstract","Bernardo Ibarra Infante","exclude","Wrong population","2026-09-07T19:06:49.888Z"
"R-18","title-abstract","Remberto Sandoval Arechiga","maybe","","2026-09-07T20:33:37.631Z"
"R-19","title-abstract","Bernardo Ibarra Infante","exclude","Wrong population","2026-09-07T19:06:54.048Z"
"R-19","title-abstract","Remberto Sandoval Arechiga","exclude","Wrong population","2026-09-07T20:34:00.549Z"
"R-20","title-abstract","Bernardo Ibarra Infante","include","","2026-09-07T19:06:57.194Z"
"R-20","title-abstract","Remberto Sandoval Arechiga","include","","2026-09-07T20:34:02.260Z"
"R-20","full-text","Bernardo Ibarra Infante","include","","2026-09-07T19:53:35.721Z"
"R-20","full-text","Remberto Sandoval Arechiga","include","","2026-09-07T20:46:12.419Z"
"R-21","title-abstract","Bernardo Ibarra Infante","maybe","","2026-09-07T19:07:05.466Z"
"R-21","title-abstract","Remberto Sandoval Arechiga","include","","2026-09-07T20:34:09.400Z"
"R-21","full-text","Remberto Sandoval Arechiga","include","","2026-09-07T19:29:38.753Z"
"R-21","full-text","Bernardo Ibarra Infante","include","","2026-09-07T19:29:45.214Z"
"R-22","title-abstract","Bernardo Ibarra Infante","exclude","Wrong intervention","2026-09-07T19:08:12.004Z"
"R-22","title-abstract","Remberto Sandoval Arechiga","exclude","Wrong intervention","2026-09-07T20:34:35.890Z"
"R-23","title-abstract","Bernardo Ibarra Infante","include","","2026-09-07T19:07:59.655Z"
"R-23","title-abstract","Remberto Sandoval Arechiga","include","","2026-09-07T20:34:43.211Z"
"R-23","full-text","Remberto Sandoval Arechiga","include","","2026-09-07T19:54:56.960Z"
"R-23","full-text","Bernardo Ibarra Infante","include","","2026-09-07T20:03:15.821Z"
"R-24","title-abstract","Bernardo Ibarra Infante","maybe","","2026-09-07T19:08:24.218Z"
"R-24","title-abstract","Remberto Sandoval Arechiga","exclude","Wrong intervention","2026-09-07T20:35:00.671Z"
"R-24","full-text","Bernardo Ibarra Infante","exclude","See reason in screening module","2026-09-07T19:33:58.386Z"
"R-24","full-text","Remberto Sandoval Arechiga","exclude","Wrong intervention","2026-09-07T20:46:36.642Z"
"R-25","title-abstract","Bernardo Ibarra Infante","include","","2026-09-07T19:08:25.566Z"
"R-25","title-abstract","Remberto Sandoval Arechiga","include","","2026-09-07T20:35:34.556Z"
"R-25","full-text","Remberto Sandoval Arechiga","include","","2026-09-07T19:55:15.552Z"
"R-25","full-text","Bernardo Ibarra Infante","include","","2026-09-07T19:55:25.826Z"
"R-26","title-abstract","Bernardo Ibarra Infante","include","","2026-09-07T19:08:27.933Z"
"R-26","title-abstract","Remberto Sandoval Arechiga","include","","2026-09-07T20:35:39.612Z"
"R-26","full-text","Bernardo Ibarra Infante","exclude","Full text unavailable","2026-09-07T20:02:19.301Z"
"R-26","full-text","Remberto Sandoval Arechiga","include","","2026-09-07T20:46:40.651Z"
"R-27","title-abstract","Bernardo Ibarra Infante","include","","2026-09-07T19:08:31.382Z"
"R-27","title-abstract","Remberto Sandoval Arechiga","include","","2026-09-07T20:35:43.362Z"
"R-27","full-text","Bernardo Ibarra Infante","include","","2026-09-07T20:04:59.191Z"
"R-27","full-text","Remberto Sandoval Arechiga","include","","2026-09-07T20:46:42.885Z"
"R-28","title-abstract","Bernardo Ibarra Infante","exclude","Wrong intervention","2026-09-07T19:08:37.861Z"
"R-28","title-abstract","Remberto Sandoval Arechiga","exclude","Wrong intervention","2026-09-07T20:35:49.448Z"
"R-29","title-abstract","Bernardo Ibarra Infante","exclude","Wrong intervention","2026-09-07T19:10:52.956Z"
"R-29","title-abstract","Remberto Sandoval Arechiga","exclude","Wrong intervention","2026-09-07T20:35:55.251Z"
"R-30","title-abstract","Bernardo Ibarra Infante","include","","2026-09-07T19:10:55.074Z"
"R-30","title-abstract","Remberto Sandoval Arechiga","include","","2026-09-07T20:35:57.615Z"
"R-30","full-text","Bernardo Ibarra Infante","include","","2026-09-07T20:05:48.917Z"
"R-30","full-text","Remberto Sandoval Arechiga","include","","2026-09-07T20:46:47.520Z"
"R-31","title-abstract","Bernardo Ibarra Infante","include","","2026-09-07T19:10:57.486Z"
"R-31","title-abstract","Remberto Sandoval Arechiga","include","","2026-09-07T20:36:00.236Z"
"R-31","full-text","Bernardo Ibarra Infante","include","","2026-09-07T20:06:51.948Z"
"R-31","full-text","Remberto Sandoval Arechiga","include","","2026-09-07T20:46:46.636Z"
"R-32","title-abstract","Bernardo Ibarra Infante","exclude","Wrong population","2026-09-07T19:11:05.842Z"
"R-32","title-abstract","Remberto Sandoval Arechiga","exclude","Wrong intervention","2026-09-07T20:36:08.844Z"
"R-33","title-abstract","Bernardo Ibarra Infante","include","","2026-09-07T19:11:07.573Z"
"R-33","title-abstract","Remberto Sandoval Arechiga","include","","2026-09-07T20:36:16.513Z"
"R-33","full-text","Bernardo Ibarra Infante","exclude","See reason in screening module","2026-09-07T20:07:24.129Z"
"R-33","full-text","Remberto Sandoval Arechiga","include","","2026-09-07T20:46:51.255Z"
"R-34","title-abstract","Bernardo Ibarra Infante","include","","2026-09-07T19:11:08.496Z"
"R-34","title-abstract","Remberto Sandoval Arechiga","include","","2026-09-07T20:36:17.669Z"
"R-34","full-text","Bernardo Ibarra Infante","include","","2026-09-07T20:08:01.761Z"
"R-34","full-text","Remberto Sandoval Arechiga","include","","2026-09-07T20:46:52.265Z"
"R-35","title-abstract","Bernardo Ibarra Infante","exclude","Wrong population","2026-09-07T19:11:14.007Z"
"R-35","title-abstract","Remberto Sandoval Arechiga","exclude","Wrong population","2026-09-07T20:36:23.698Z"
"R-36","title-abstract","Bernardo Ibarra Infante","exclude","Outside date range","2026-09-07T19:11:25.060Z"
"R-36","title-abstract","Remberto Sandoval Arechiga","include","","2026-09-07T20:36:29.819Z"
"R-37","title-abstract","Bernardo Ibarra Infante","exclude","Outside date range","2026-09-07T19:11:32.163Z"
"R-37","title-abstract","Remberto Sandoval Arechiga","exclude","Wrong population","2026-09-07T20:36:38.429Z"
"R-38","title-abstract","Bernardo Ibarra Infante","exclude","Outside date range","2026-09-07T19:11:40.533Z"
"R-38","title-abstract","Remberto Sandoval Arechiga","exclude","Wrong intervention","2026-09-07T20:36:43.004Z"
"R-39","title-abstract","Bernardo Ibarra Infante","exclude","Outside date range","2026-09-07T19:11:44.951Z"
"R-39","title-abstract","Remberto Sandoval Arechiga","exclude","Outside date range","2026-09-07T20:36:49.842Z"
"R-40","title-abstract","Bernardo Ibarra Infante","include","","2026-09-07T19:11:56.965Z"
"R-40","title-abstract","Remberto Sandoval Arechiga","include","","2026-09-07T20:36:51.960Z"
"R-40","full-text","Bernardo Ibarra Infante","include","","2026-09-07T20:08:42.305Z"
"R-40","full-text","Remberto Sandoval Arechiga","include","","2026-09-07T20:46:54.242Z"
"R-41","title-abstract","Bernardo Ibarra Infante","include","","2026-09-07T19:12:01.822Z"
"R-41","title-abstract","Remberto Sandoval Arechiga","include","","2026-09-07T20:36:53.624Z"
"R-41","full-text","Bernardo Ibarra Infante","include","","2026-09-07T20:09:01.313Z"
"R-41","full-text","Remberto Sandoval Arechiga","include","","2026-09-07T20:46:59.236Z"
"R-42","title-abstract","Bernardo Ibarra Infante","include","","2026-09-07T19:12:05.523Z"
"R-42","title-abstract","Remberto Sandoval Arechiga","include","","2026-09-07T20:36:55.081Z"
"R-42","full-text","Bernardo Ibarra Infante","include","","2026-09-07T20:10:09.187Z"
"R-42","full-text","Remberto Sandoval Arechiga","include","","2026-09-07T20:47:00.785Z"
"R-43","title-abstract","Bernardo Ibarra Infante","exclude","Wrong intervention","2026-09-07T19:12:10.449Z"
"R-43","title-abstract","Remberto Sandoval Arechiga","exclude","Wrong intervention","2026-09-07T20:36:59.881Z"
"R-44","title-abstract","Bernardo Ibarra Infante","include","","2026-09-07T19:12:19.965Z"
"R-44","title-abstract","Remberto Sandoval Arechiga","exclude","Wrong intervention","2026-09-07T20:37:04.341Z"
"R-44","full-text","Bernardo Ibarra Infante","include","","2026-09-07T20:11:40.844Z"
"R-44","full-text","Remberto Sandoval Arechiga","include","","2026-09-07T20:47:05.917Z"
"R-45","title-abstract","Bernardo Ibarra Infante","include","","2026-09-07T19:12:24.696Z"
"R-45","title-abstract","Remberto Sandoval Arechiga","include","","2026-09-07T20:37:06.434Z"
"R-45","full-text","Remberto Sandoval Arechiga","include","","2026-09-07T20:12:56.939Z"
"R-45","full-text","Bernardo Ibarra Infante","include","","2026-09-07T20:13:02.008Z"
"R-46","title-abstract","Bernardo Ibarra Infante","include","","2026-09-07T19:12:29.978Z"
"R-46","title-abstract","Remberto Sandoval Arechiga","exclude","Wrong intervention","2026-09-08T22:33:51.735Z"
"R-46","full-text","Bernardo Ibarra Infante","include","","2026-09-07T20:15:10.313Z"
"R-46","full-text","Remberto Sandoval Arechiga","exclude","Wrong intervention","2026-09-08T22:32:49.835Z"
"R-47","title-abstract","Bernardo Ibarra Infante","exclude","Wrong intervention","2026-09-07T19:12:42.884Z"
"R-47","title-abstract","Remberto Sandoval Arechiga","include","","2026-09-07T20:37:17.670Z"
"R-48","title-abstract","Bernardo Ibarra Infante","include","","2026-09-07T19:19:23.100Z"
"R-48","title-abstract","Remberto Sandoval Arechiga","include","","2026-09-07T20:37:21.930Z"
"R-48","full-text","Bernardo Ibarra Infante","include","","2026-09-07T20:15:35.942Z"
"R-48","full-text","Remberto Sandoval Arechiga","include","","2026-09-07T20:47:12.725Z"
"R-49","title-abstract","Bernardo Ibarra Infante","exclude","Wrong intervention","2026-09-07T19:12:49.170Z"
"R-49","title-abstract","Remberto Sandoval Arechiga","exclude","Wrong intervention","2026-09-07T20:37:27.306Z"
"R-50","title-abstract","Bernardo Ibarra Infante","include","","2026-09-07T19:12:51.793Z"
"R-50","title-abstract","Remberto Sandoval Arechiga","include","","2026-09-07T20:37:30.378Z"
"R-50","full-text","Bernardo Ibarra Infante","include","","2026-09-07T20:15:55.105Z"
"R-50","full-text","Remberto Sandoval Arechiga","include","","2026-09-07T20:47:15.812Z"
"R-51","title-abstract","Bernardo Ibarra Infante","include","","2026-09-07T19:12:55.243Z"
"R-51","title-abstract","Remberto Sandoval Arechiga","include","","2026-09-07T20:37:32.579Z"
"R-51","full-text","Bernardo Ibarra Infante","include","","2026-09-07T20:16:13.435Z"
"R-51","full-text","Remberto Sandoval Arechiga","include","","2026-09-07T20:47:16.442Z"
"R-52","title-abstract","Bernardo Ibarra Infante","include","","2026-09-07T19:13:00.374Z"
"R-52","title-abstract","Remberto Sandoval Arechiga","include","","2026-09-07T20:37:33.918Z"
"R-52","full-text","Bernardo Ibarra Infante","include","","2026-09-07T20:17:12.253Z"
"R-52","full-text","Remberto Sandoval Arechiga","include","","2026-09-07T20:47:17.807Z"
"R-53","title-abstract","Bernardo Ibarra Infante","include","","2026-09-07T19:13:08.073Z"
"R-53","title-abstract","Remberto Sandoval Arechiga","include","","2026-09-07T20:37:35.508Z"
"R-53","full-text","Bernardo Ibarra Infante","include","","2026-09-07T20:17:47.818Z"
"R-53","full-text","Remberto Sandoval Arechiga","include","","2026-09-07T20:47:18.918Z"
"R-54","title-abstract","Bernardo Ibarra Infante","include","","2026-09-07T19:13:09.726Z"
"R-54","title-abstract","Remberto Sandoval Arechiga","include","","2026-09-07T20:37:36.828Z"
"R-54","full-text","Bernardo Ibarra Infante","include","","2026-09-07T20:18:00.116Z"
"R-54","full-text","Remberto Sandoval Arechiga","include","","2026-09-07T20:47:20.191Z"
"R-55","title-abstract","Bernardo Ibarra Infante","include","","2026-09-07T19:13:11.160Z"
"R-55","title-abstract","Remberto Sandoval Arechiga","include","","2026-09-07T20:37:37.921Z"
"R-55","full-text","Bernardo Ibarra Infante","include","","2026-09-07T20:19:11.384Z"
"R-55","full-text","Remberto Sandoval Arechiga","include","","2026-09-07T20:47:21.220Z"
"R-56","title-abstract","Bernardo Ibarra Infante","include","","2026-09-07T19:13:14.776Z"
"R-56","title-abstract","Remberto Sandoval Arechiga","include","","2026-09-07T20:37:45.440Z"
"R-56","full-text","Bernardo Ibarra Infante","include","","2026-09-07T20:19:30.481Z"
"R-56","full-text","Remberto Sandoval Arechiga","include","","2026-09-07T20:47:24.632Z"
"R-57","title-abstract","Bernardo Ibarra Infante","maybe","","2026-09-07T19:13:19.647Z"
"R-57","title-abstract","Remberto Sandoval Arechiga","exclude","Wrong intervention","2026-09-07T20:37:49.622Z"
"R-57","full-text","Bernardo Ibarra Infante","exclude","See reason in screening module","2026-09-07T19:34:39.167Z"
"R-57","full-text","Remberto Sandoval Arechiga","exclude","Wrong intervention","2026-09-07T20:47:35.694Z"
"R-58","title-abstract","Bernardo Ibarra Infante","include","","2026-09-07T19:13:22.562Z"
"R-58","title-abstract","Remberto Sandoval Arechiga","include","","2026-09-07T20:37:51.346Z"
"R-58","full-text","Bernardo Ibarra Infante","include","","2026-09-07T20:19:47.546Z"
"R-58","full-text","Remberto Sandoval Arechiga","include","","2026-09-07T20:47:39.363Z"
"R-59","title-abstract","Bernardo Ibarra Infante","include","","2026-09-07T19:13:29.408Z"
"R-59","title-abstract","Remberto Sandoval Arechiga","include","","2026-09-07T20:37:54.721Z"
"R-59","full-text","Bernardo Ibarra Infante","include","","2026-09-07T20:20:05.438Z"
"R-59","full-text","Remberto Sandoval Arechiga","include","","2026-09-07T20:47:40.772Z"
"R-60","title-abstract","Bernardo Ibarra Infante","include","","2026-09-07T19:13:32.869Z"
"R-60","title-abstract","Remberto Sandoval Arechiga","include","","2026-09-07T20:37:57.587Z"
"R-60","full-text","Bernardo Ibarra Infante","include","","2026-09-07T20:20:22.665Z"
"R-60","full-text","Remberto Sandoval Arechiga","include","","2026-09-07T20:47:41.960Z"
"R-61","title-abstract","Bernardo Ibarra Infante","exclude","Wrong population","2026-09-07T19:13:36.357Z"
"R-61","title-abstract","Remberto Sandoval Arechiga","exclude","Wrong population","2026-09-07T20:38:01.105Z"
"R-62","title-abstract","Bernardo Ibarra Infante","exclude","Wrong population","2026-09-07T19:13:38.409Z"
"R-62","title-abstract","Remberto Sandoval Arechiga","exclude","Wrong population","2026-09-07T20:38:03.737Z"
"R-63","title-abstract","Bernardo Ibarra Infante","exclude","Wrong population","2026-09-07T19:13:41.643Z"
"R-63","title-abstract","Remberto Sandoval Arechiga","exclude","Wrong population","2026-09-07T20:38:06.407Z"
"R-64","title-abstract","Bernardo Ibarra Infante","exclude","Wrong population","2026-09-07T19:13:46.011Z"
"R-64","title-abstract","Remberto Sandoval Arechiga","exclude","Wrong population","2026-09-07T20:38:09.336Z"
"R-65","title-abstract","Bernardo Ibarra Infante","exclude","Wrong population","2026-09-07T19:13:49.483Z"
"R-65","title-abstract","Remberto Sandoval Arechiga","exclude","Wrong population","2026-09-07T20:38:11.978Z"
"R-66","title-abstract","Bernardo Ibarra Infante","exclude","Wrong population","2026-09-07T19:13:52.943Z"
"R-66","title-abstract","Remberto Sandoval Arechiga","exclude","Wrong population","2026-09-07T20:38:15.155Z"
"R-67","title-abstract","Bernardo Ibarra Infante","exclude","Wrong population","2026-09-07T19:13:55.160Z"
"R-67","title-abstract","Remberto Sandoval Arechiga","exclude","Wrong population","2026-09-07T20:38:17.499Z"
"R-68","title-abstract","Bernardo Ibarra Infante","exclude","Wrong population","2026-09-07T19:13:58.584Z"
"R-68","title-abstract","Remberto Sandoval Arechiga","exclude","Wrong population","2026-09-07T20:38:19.339Z"
"R-69","title-abstract","Bernardo Ibarra Infante","exclude","Wrong intervention","2026-09-07T19:14:07.945Z"
"R-69","title-abstract","Remberto Sandoval Arechiga","exclude","Wrong population","2026-09-07T20:38:22.888Z"
"R-70","title-abstract","Bernardo Ibarra Infante","exclude","Wrong population","2026-09-07T19:14:12.199Z"
"R-70","title-abstract","Remberto Sandoval Arechiga","exclude","Wrong population","2026-09-07T20:38:26.101Z"
"R-71","title-abstract","Bernardo Ibarra Infante","exclude","Wrong population","2026-09-07T19:14:19.878Z"
"R-71","title-abstract","Remberto Sandoval Arechiga","exclude","Wrong population","2026-09-07T20:38:29.697Z"
"R-72","title-abstract","Bernardo Ibarra Infante","exclude","Wrong population","2026-09-07T19:14:23.079Z"
"R-72","title-abstract","Remberto Sandoval Arechiga","exclude","Wrong population","2026-09-07T20:38:34.559Z"
"R-73","title-abstract","Bernardo Ibarra Infante","exclude","Wrong population","2026-09-07T19:14:26.164Z"
"R-73","title-abstract","Remberto Sandoval Arechiga","exclude","Wrong population","2026-09-07T20:38:38.350Z"
"R-74","title-abstract","Bernardo Ibarra Infante","exclude","Wrong population","2026-09-07T19:14:29.149Z"
"R-74","title-abstract","Remberto Sandoval Arechiga","exclude","Wrong population","2026-09-07T20:38:40.744Z"
"R-75","title-abstract","Bernardo Ibarra Infante","exclude","Wrong population","2026-09-07T19:14:31.294Z"
"R-75","title-abstract","Remberto Sandoval Arechiga","exclude","Wrong population","2026-09-07T20:38:42.421Z"
"R-76","title-abstract","Bernardo Ibarra Infante","exclude","Wrong population","2026-09-07T19:14:34.072Z"
"R-76","title-abstract","Remberto Sandoval Arechiga","exclude","Wrong population","2026-09-07T20:38:45.992Z"
"R-77","title-abstract","Bernardo Ibarra Infante","exclude","Wrong population","2026-09-07T19:14:37.594Z"
"R-77","title-abstract","Remberto Sandoval Arechiga","exclude","Wrong population","2026-09-07T20:38:48.993Z"
"R-78","title-abstract","Bernardo Ibarra Infante","exclude","Wrong population","2026-09-07T19:14:41.422Z"
"R-78","title-abstract","Remberto Sandoval Arechiga","exclude","Wrong population","2026-09-07T20:38:51.407Z"
"R-79","title-abstract","Bernardo Ibarra Infante","exclude","Wrong population","2026-09-07T19:14:45.784Z"
"R-79","title-abstract","Remberto Sandoval Arechiga","exclude","Wrong population","2026-09-07T20:38:53.779Z"
"R-80","title-abstract","Bernardo Ibarra Infante","exclude","Wrong population","2026-09-07T19:14:49.253Z"
"R-80","title-abstract","Remberto Sandoval Arechiga","exclude","Wrong population","2026-09-07T20:38:55.734Z"
"R-81","title-abstract","Bernardo Ibarra Infante","exclude","Wrong population","2026-09-07T19:14:55.325Z"
"R-81","title-abstract","Remberto Sandoval Arechiga","exclude","Wrong population","2026-09-07T20:38:57.595Z"
"R-82","title-abstract","Bernardo Ibarra Infante","exclude","Wrong population","2026-09-07T19:15:02.841Z"
"R-82","title-abstract","Remberto Sandoval Arechiga","exclude","Wrong population","2026-09-07T20:38:59.787Z"
"R-83","title-abstract","Bernardo Ibarra Infante","exclude","Wrong population","2026-09-07T19:15:05.255Z"
"R-83","title-abstract","Remberto Sandoval Arechiga","exclude","Wrong population","2026-09-07T20:39:01.624Z"
"R-84","title-abstract","Bernardo Ibarra Infante","exclude","Wrong population","2026-09-07T19:15:10.340Z"
"R-84","title-abstract","Remberto Sandoval Arechiga","exclude","Wrong population","2026-09-07T20:39:03.487Z"
"R-85","title-abstract","Bernardo Ibarra Infante","exclude","Wrong population","2026-09-07T19:15:12.201Z"
"R-85","title-abstract","Remberto Sandoval Arechiga","exclude","Wrong population","2026-09-07T20:39:05.599Z"
"R-86","title-abstract","Bernardo Ibarra Infante","exclude","Wrong population","2026-09-07T19:15:15.347Z"
"R-86","title-abstract","Remberto Sandoval Arechiga","exclude","Wrong population","2026-09-07T20:39:15.789Z"
"R-87","title-abstract","Bernardo Ibarra Infante","exclude","Wrong population","2026-09-07T19:15:18.788Z"
"R-87","title-abstract","Remberto Sandoval Arechiga","exclude","Wrong population","2026-09-07T20:39:18.368Z"
"R-88","title-abstract","Bernardo Ibarra Infante","exclude","Wrong population","2026-09-07T19:15:22.108Z"
"R-88","title-abstract","Remberto Sandoval Arechiga","exclude","Wrong population","2026-09-07T20:39:20.238Z"
"R-89","title-abstract","Bernardo Ibarra Infante","exclude","Wrong population","2026-09-07T19:15:23.773Z"
"R-89","title-abstract","Remberto Sandoval Arechiga","exclude","Wrong population","2026-09-07T20:39:21.999Z"
"R-90","title-abstract","Bernardo Ibarra Infante","exclude","Wrong population","2026-09-07T19:15:26.493Z"
"R-90","title-abstract","Remberto Sandoval Arechiga","exclude","Wrong population","2026-09-07T20:39:24.153Z"
"R-91","title-abstract","Bernardo Ibarra Infante","exclude","Wrong population","2026-09-07T19:15:29.152Z"
"R-91","title-abstract","Remberto Sandoval Arechiga","exclude","Wrong population","2026-09-07T20:39:26.239Z"
"R-92","title-abstract","Bernardo Ibarra Infante","exclude","Wrong population","2026-09-07T19:15:31.381Z"
"R-92","title-abstract","Remberto Sandoval Arechiga","exclude","Wrong population","2026-09-07T20:39:28.430Z"
"R-93","title-abstract","Bernardo Ibarra Infante","exclude","Wrong population","2026-09-07T19:15:34.785Z"
"R-93","title-abstract","Remberto Sandoval Arechiga","exclude","Wrong population","2026-09-07T20:39:31.443Z"
"R-94","title-abstract","Bernardo Ibarra Infante","exclude","Wrong population","2026-09-07T19:15:38.640Z"
"R-94","title-abstract","Remberto Sandoval Arechiga","exclude","Wrong population","2026-09-07T20:39:33.690Z"
"R-95","title-abstract","Bernardo Ibarra Infante","exclude","Wrong population","2026-09-07T19:15:41.001Z"
"R-95","title-abstract","Remberto Sandoval Arechiga","exclude","Wrong population","2026-09-07T20:39:35.842Z"
"R-96","title-abstract","Bernardo Ibarra Infante","exclude","Wrong population","2026-09-07T19:15:43.283Z"
"R-96","title-abstract","Remberto Sandoval Arechiga","exclude","Wrong population","2026-09-07T20:39:38.092Z"
"R-97","title-abstract","Bernardo Ibarra Infante","exclude","Wrong population","2026-09-07T19:15:45.954Z"
"R-97","title-abstract","Remberto Sandoval Arechiga","exclude","Wrong population","2026-09-07T20:39:40.684Z"
"R-98","title-abstract","Bernardo Ibarra Infante","exclude","Wrong population","2026-09-07T19:15:48.185Z"
"R-98","title-abstract","Remberto Sandoval Arechiga","exclude","Wrong population","2026-09-07T20:39:42.664Z"
"R-99","title-abstract","Bernardo Ibarra Infante","exclude","Wrong population","2026-09-07T19:15:50.875Z"
"R-99","title-abstract","Remberto Sandoval Arechiga","exclude","Wrong population","2026-09-07T20:39:45.597Z"
"R-100","title-abstract","Bernardo Ibarra Infante","exclude","Wrong population","2026-09-07T19:15:54.316Z"
"R-100","title-abstract","Remberto Sandoval Arechiga","exclude","Wrong population","2026-09-07T20:39:49.254Z"
"R-101","title-abstract","Bernardo Ibarra Infante","exclude","Wrong population","2026-09-07T19:15:56.617Z"
"R-101","title-abstract","Remberto Sandoval Arechiga","exclude","Wrong population","2026-09-07T20:39:51.443Z"
"R-102","title-abstract","Bernardo Ibarra Infante","exclude","Wrong population","2026-09-07T19:15:59.481Z"
"R-102","title-abstract","Remberto Sandoval Arechiga","exclude","Wrong population","2026-09-07T20:39:53.403Z"
"R-103","title-abstract","Bernardo Ibarra Infante","exclude","Wrong population","2026-09-07T19:16:01.867Z"
"R-103","title-abstract","Remberto Sandoval Arechiga","exclude","Wrong population","2026-09-07T20:39:55.762Z"
"R-104","title-abstract","Bernardo Ibarra Infante","exclude","Wrong population","2026-09-07T19:16:03.768Z"
"R-104","title-abstract","Remberto Sandoval Arechiga","exclude","Wrong population","2026-09-07T20:39:59.017Z"
"R-105","title-abstract","Bernardo Ibarra Infante","exclude","Wrong population","2026-09-07T19:16:05.871Z"
"R-105","title-abstract","Remberto Sandoval Arechiga","exclude","Wrong population","2026-09-07T20:40:01.909Z"
"R-106","title-abstract","Bernardo Ibarra Infante","exclude","Wrong population","2026-09-07T19:16:08.309Z"
"R-106","title-abstract","Remberto Sandoval Arechiga","exclude","Wrong population","2026-09-07T20:40:04.720Z"
"R-107","title-abstract","Bernardo Ibarra Infante","exclude","Wrong population","2026-09-07T19:16:11.097Z"
"R-107","title-abstract","Remberto Sandoval Arechiga","exclude","Wrong population","2026-09-07T20:40:06.779Z"
"R-108","title-abstract","Bernardo Ibarra Infante","exclude","Wrong population","2026-09-07T19:16:17.058Z"
"R-108","title-abstract","Remberto Sandoval Arechiga","exclude","Wrong population","2026-09-07T20:40:08.680Z"
"R-109","title-abstract","Bernardo Ibarra Infante","exclude","Wrong population","2026-09-07T19:16:19.853Z"
"R-109","title-abstract","Remberto Sandoval Arechiga","exclude","Wrong population","2026-09-07T20:40:10.996Z"
"R-110","title-abstract","Bernardo Ibarra Infante","exclude","Wrong population","2026-09-07T19:16:22.509Z"
"R-110","title-abstract","Remberto Sandoval Arechiga","exclude","Wrong population","2026-09-07T20:40:12.677Z"
"R-111","title-abstract","Bernardo Ibarra Infante","exclude","Wrong intervention","2026-09-07T19:16:32.047Z"
"R-111","title-abstract","Remberto Sandoval Arechiga","exclude","Wrong intervention","2026-09-07T20:40:19.221Z"
"R-112","title-abstract","Bernardo Ibarra Infante","exclude","Wrong intervention","2026-09-07T19:16:37.765Z"
"R-112","title-abstract","Remberto Sandoval Arechiga","exclude","Wrong intervention","2026-09-07T20:40:23.729Z"
"R-113","title-abstract","Bernardo Ibarra Infante","exclude","Wrong intervention","2026-09-07T19:16:55.421Z"
"R-113","title-abstract","Remberto Sandoval Arechiga","exclude","Wrong intervention","2026-09-07T20:40:27.540Z"
"R-114","title-abstract","Bernardo Ibarra Infante","include","","2026-09-07T19:17:02.724Z"
"R-114","title-abstract","Remberto Sandoval Arechiga","include","","2026-09-07T20:40:33.277Z"
"R-114","full-text","Bernardo Ibarra Infante","include","","2026-09-07T20:21:08.356Z"
"R-114","full-text","Remberto Sandoval Arechiga","include","","2026-09-07T20:47:43.251Z"
"R-115","title-abstract","Bernardo Ibarra Infante","include","","2026-09-07T19:17:05.440Z"
"R-115","title-abstract","Remberto Sandoval Arechiga","include","","2026-09-07T20:40:36.239Z"
"R-115","full-text","Bernardo Ibarra Infante","exclude","See reason in screening module","2026-09-07T20:21:58.413Z"
"R-115","full-text","Remberto Sandoval Arechiga","include","","2026-09-07T20:47:45.093Z"
"R-116","title-abstract","Bernardo Ibarra Infante","maybe","","2026-09-07T19:17:13.193Z"
"R-116","title-abstract","Remberto Sandoval Arechiga","include","","2026-09-07T20:40:39.011Z"
"R-116","full-text","Remberto Sandoval Arechiga","exclude","See reason in screening module","2026-09-07T19:31:32.677Z"
"R-116","full-text","Bernardo Ibarra Infante","exclude","See reason in screening module","2026-09-07T19:32:17.334Z"
"R-117","title-abstract","Bernardo Ibarra Infante","maybe","","2026-09-07T19:17:24.266Z"
"R-117","title-abstract","Remberto Sandoval Arechiga","include","","2026-09-07T20:33:48.386Z"
"R-117","full-text","Remberto Sandoval Arechiga","exclude","See reason in screening module","2026-09-07T19:26:51.480Z"
"R-117","full-text","Bernardo Ibarra Infante","exclude","See reason in screening module","2026-09-07T20:29:40.007Z"
"R-118","title-abstract","Bernardo Ibarra Infante","maybe","","2026-09-07T19:17:35.408Z"
"R-118","title-abstract","Remberto Sandoval Arechiga","exclude","Wrong intervention","2026-09-07T20:41:00.807Z"
"R-118","full-text","Bernardo Ibarra Infante","exclude","See reason in screening module","2026-09-07T19:36:03.225Z"
"R-118","full-text","Remberto Sandoval Arechiga","include","","2026-09-07T20:47:48.409Z"
"R-119","title-abstract","Bernardo Ibarra Infante","maybe","","2026-09-07T19:17:41.428Z"
"R-119","title-abstract","Remberto Sandoval Arechiga","exclude","Wrong intervention","2026-09-07T20:40:50.359Z"
"R-119","full-text","Bernardo Ibarra Infante","exclude","See reason in screening module","2026-09-07T19:36:26.014Z"
"R-119","full-text","Remberto Sandoval Arechiga","include","","2026-09-07T20:47:49.142Z"
"R-120","title-abstract","Bernardo Ibarra Infante","exclude","Wrong population","2026-09-07T19:17:45.185Z"
"R-120","title-abstract","Remberto Sandoval Arechiga","exclude","Wrong population","2026-09-07T20:41:07.209Z"
"R-121","title-abstract","Bernardo Ibarra Infante","maybe","","2026-09-07T19:17:51.370Z"
"R-121","title-abstract","Remberto Sandoval Arechiga","exclude","Wrong intervention","2026-09-07T20:41:12.478Z"
"R-121","full-text","Bernardo Ibarra Infante","exclude","See reason in screening module","2026-09-07T19:36:53.373Z"
"R-121","full-text","Remberto Sandoval Arechiga","include","","2026-09-07T20:47:53.736Z"
"R-122","title-abstract","Bernardo Ibarra Infante","maybe","","2026-09-07T19:37:24.982Z"
"R-122","title-abstract","Remberto Sandoval Arechiga","exclude","Wrong intervention","2026-09-07T20:41:15.898Z"
"R-122","full-text","Bernardo Ibarra Infante","exclude","See reason in screening module","2026-09-07T19:37:22.562Z"
"R-122","full-text","Remberto Sandoval Arechiga","exclude","Wrong study type","2026-09-07T20:48:02.627Z"
"R-123","title-abstract","Bernardo Ibarra Infante","maybe","","2026-09-07T19:17:58.768Z"
"R-123","title-abstract","Remberto Sandoval Arechiga","maybe","","2026-09-07T20:41:27.457Z"
"R-123","full-text","Bernardo Ibarra Infante","exclude","See reason in screening module","2026-09-07T19:37:45.965Z"
"R-123","full-text","Remberto Sandoval Arechiga","include","","2026-09-07T20:48:13.099Z"
"R-124","title-abstract","Bernardo Ibarra Infante","exclude","Wrong intervention","2026-09-07T19:18:05.171Z"
"R-124","title-abstract","Remberto Sandoval Arechiga","exclude","Wrong intervention","2026-09-07T20:41:34.930Z"
"R-125","title-abstract","Bernardo Ibarra Infante","include","","2026-09-07T19:18:13.316Z"
"R-125","title-abstract","Remberto Sandoval Arechiga","maybe","","2026-09-07T20:41:41.798Z"
"R-125","full-text","Bernardo Ibarra Infante","exclude","See reason in screening module","2026-09-07T20:23:14.585Z"
"R-125","full-text","Remberto Sandoval Arechiga","include","","2026-09-07T20:48:14.703Z"
"R-126","title-abstract","Bernardo Ibarra Infante","exclude","Wrong population","2026-09-07T19:18:54.918Z"
"R-126","title-abstract","Remberto Sandoval Arechiga","maybe","","2026-09-07T20:41:53.286Z"
"R-127","title-abstract","Bernardo Ibarra Infante","maybe","","2026-09-07T19:19:01.573Z"
"R-127","title-abstract","Remberto Sandoval Arechiga","exclude","Wrong intervention","2026-09-07T20:42:04.679Z"
"R-127","full-text","Bernardo Ibarra Infante","exclude","See reason in screening module","2026-09-07T19:38:23.658Z"
"R-127","full-text","Remberto Sandoval Arechiga","include","","2026-09-07T20:48:16.307Z"
"R-128","title-abstract","Bernardo Ibarra Infante","exclude","Wrong population","2026-09-07T19:19:26.616Z"
"R-128","title-abstract","Remberto Sandoval Arechiga","exclude","Wrong population","2026-09-07T20:42:07.781Z"
"R-129","title-abstract","Bernardo Ibarra Infante","exclude","Wrong population","2026-09-07T19:19:29.486Z"
"R-129","title-abstract","Remberto Sandoval Arechiga","exclude","Wrong population","2026-09-07T20:42:10.787Z"
"R-130","title-abstract","Bernardo Ibarra Infante","exclude","Wrong population","2026-09-07T19:19:32.147Z"
"R-130","title-abstract","Remberto Sandoval Arechiga","exclude","Wrong population","2026-09-07T20:42:13.023Z"
"R-131","title-abstract","Bernardo Ibarra Infante","exclude","Wrong population","2026-09-07T19:19:34.636Z"
"R-131","title-abstract","Remberto Sandoval Arechiga","exclude","Wrong population","2026-09-07T20:42:16.734Z"
"R-132","title-abstract","Bernardo Ibarra Infante","exclude","Wrong population","2026-09-07T19:19:37.337Z"
"R-132","title-abstract","Remberto Sandoval Arechiga","exclude","Wrong intervention","2026-09-07T20:44:47.892Z"
"R-133","title-abstract","Bernardo Ibarra Infante","maybe","","2026-09-07T19:19:43.171Z"
"R-133","title-abstract","Remberto Sandoval Arechiga","include","","2026-09-07T20:44:32.414Z"
"R-133","full-text","Bernardo Ibarra Infante","exclude","Full text unavailable","2026-09-07T19:42:10.796Z"
"R-133","full-text","Remberto Sandoval Arechiga","include","","2026-09-07T20:48:17.932Z"
"R-134","title-abstract","Bernardo Ibarra Infante","include","","2026-09-07T19:19:52.335Z"
"R-134","title-abstract","Remberto Sandoval Arechiga","exclude","Full text unavailable","2026-09-07T20:44:19.153Z"
"R-134","full-text","Bernardo Ibarra Infante","exclude","See reason in screening module","2026-09-07T20:24:30.101Z"
"R-134","full-text","Remberto Sandoval Arechiga","include","","2026-09-07T20:48:19.757Z"
"R-135","title-abstract","Bernardo Ibarra Infante","exclude","Full text unavailable","2026-09-07T19:19:59.542Z"
"R-135","title-abstract","Remberto Sandoval Arechiga","exclude","Full text unavailable","2026-09-07T20:44:09.386Z"
"R-136","title-abstract","Bernardo Ibarra Infante","exclude","Full text unavailable","2026-09-07T19:20:02.987Z"
"R-136","title-abstract","Remberto Sandoval Arechiga","exclude","Full text unavailable","2026-09-07T20:44:05.866Z"
"R-137","title-abstract","Bernardo Ibarra Infante","exclude","Wrong population","2026-09-07T19:20:07.815Z"
"R-137","title-abstract","Remberto Sandoval Arechiga","exclude","Wrong population","2026-09-07T20:43:57.920Z"
"R-138","title-abstract","Bernardo Ibarra Infante","exclude","Wrong population","2026-09-07T19:20:10.936Z"
"R-138","title-abstract","Remberto Sandoval Arechiga","exclude","Wrong population","2026-09-07T20:43:54.140Z"
"R-139","title-abstract","Bernardo Ibarra Infante","exclude","Wrong intervention","2026-09-07T19:20:18.515Z"
"R-139","title-abstract","Remberto Sandoval Arechiga","exclude","Wrong intervention","2026-09-07T20:43:50.788Z"
"R-140","title-abstract","Bernardo Ibarra Infante","exclude","Wrong population","2026-09-07T19:20:22.021Z"
"R-140","title-abstract","Remberto Sandoval Arechiga","exclude","Wrong population","2026-09-07T20:43:46.071Z"
"R-141","title-abstract","Bernardo Ibarra Infante","exclude","Wrong population","2026-09-07T19:20:24.137Z"
"R-141","title-abstract","Remberto Sandoval Arechiga","exclude","Wrong population","2026-09-07T20:43:33.904Z"
"R-142","title-abstract","Bernardo Ibarra Infante","exclude","Wrong population","2026-09-07T19:20:28.798Z"
"R-142","title-abstract","Remberto Sandoval Arechiga","exclude","Wrong intervention","2026-09-07T20:43:30.749Z"
"R-143","title-abstract","Bernardo Ibarra Infante","exclude","Wrong population","2026-09-07T19:20:33.151Z"
"R-143","title-abstract","Remberto Sandoval Arechiga","exclude","Wrong population","2026-09-07T20:43:26.803Z"
"R-144","title-abstract","Bernardo Ibarra Infante","exclude","Wrong population","2026-09-07T19:20:36.290Z"
"R-144","title-abstract","Remberto Sandoval Arechiga","exclude","Wrong population","2026-09-07T20:43:22.393Z"
"R-145","title-abstract","Bernardo Ibarra Infante","exclude","Wrong population","2026-09-07T19:20:40.811Z"
"R-145","title-abstract","Remberto Sandoval Arechiga","exclude","Wrong intervention","2026-09-07T20:43:18.600Z"
"R-146","title-abstract","Bernardo Ibarra Infante","exclude","Wrong population","2026-09-07T19:20:50.179Z"
"R-146","title-abstract","Remberto Sandoval Arechiga","exclude","Wrong intervention","2026-09-07T20:43:10.530Z"
"R-147","title-abstract","Bernardo Ibarra Infante","exclude","Wrong population","2026-09-07T19:20:54.526Z"
"R-147","title-abstract","Remberto Sandoval Arechiga","exclude","Wrong intervention","2026-09-07T20:43:05.510Z"
"R-148","title-abstract","Bernardo Ibarra Infante","exclude","Wrong intervention","2026-09-07T19:21:03.244Z"
"R-148","title-abstract","Remberto Sandoval Arechiga","exclude","Wrong population","2026-09-07T20:43:00.220Z"
"R-149","title-abstract","Bernardo Ibarra Infante","exclude","Wrong population","2026-09-07T19:21:05.702Z"
"R-149","title-abstract","Remberto Sandoval Arechiga","exclude","Wrong population","2026-09-07T20:42:55.930Z"
"R-150","title-abstract","Bernardo Ibarra Infante","exclude","Wrong population","2026-09-07T19:21:08.792Z"
"R-150","title-abstract","Remberto Sandoval Arechiga","exclude","Wrong population","2026-09-07T20:42:53.877Z"
"R-151","title-abstract","Bernardo Ibarra Infante","exclude","Wrong intervention","2026-09-07T19:21:14.365Z"
"R-151","title-abstract","Remberto Sandoval Arechiga","exclude","Wrong intervention","2026-09-07T20:42:49.809Z"
"R-152","title-abstract","Bernardo Ibarra Infante","include","","2026-09-08T00:03:20.336Z"
"R-152","title-abstract","Remberto Sandoval Arechiga","include","","2026-09-08T00:04:17.123Z"
"R-152","full-text","Bernardo Ibarra Infante","include","","2026-09-08T00:04:08.833Z"
"R-152","full-text","Remberto Sandoval Arechiga","include","","2026-09-08T00:05:02.788Z"
"R-153","title-abstract","Bernardo Ibarra Infante","include","","2026-09-08T00:03:20.964Z"
"R-153","title-abstract","Remberto Sandoval Arechiga","include","","2026-09-08T00:04:17.653Z"
"R-153","full-text","Bernardo Ibarra Infante","include","","2026-09-08T00:04:06.803Z"
"R-153","full-text","Remberto Sandoval Arechiga","include","","2026-09-08T00:05:02.021Z"
"R-154","title-abstract","Bernardo Ibarra Infante","include","","2026-09-08T00:03:21.892Z"
"R-154","title-abstract","Remberto Sandoval Arechiga","include","","2026-09-08T00:04:17.903Z"
"R-154","full-text","Bernardo Ibarra Infante","include","","2026-09-08T00:04:06.071Z"
"R-154","full-text","Remberto Sandoval Arechiga","include","","2026-09-08T00:05:00.489Z"
"R-155","title-abstract","Bernardo Ibarra Infante","include","","2026-09-08T00:03:22.325Z"
"R-155","title-abstract","Remberto Sandoval Arechiga","include","","2026-09-08T00:04:18.084Z"
"R-155","full-text","Bernardo Ibarra Infante","include","","2026-09-08T00:04:04.063Z"
"R-155","full-text","Remberto Sandoval Arechiga","include","","2026-09-08T00:04:59.260Z"
"R-156","title-abstract","Bernardo Ibarra Infante","include","","2026-09-08T00:03:22.535Z"
"R-156","title-abstract","Remberto Sandoval Arechiga","include","","2026-09-08T00:04:18.252Z"
"R-156","full-text","Bernardo Ibarra Infante","include","","2026-09-08T00:04:03.344Z"
"R-156","full-text","Remberto Sandoval Arechiga","include","","2026-09-08T00:04:57.967Z"
"R-157","title-abstract","Bernardo Ibarra Infante","include","","2026-09-08T00:03:22.838Z"
"R-157","title-abstract","Remberto Sandoval Arechiga","include","","2026-09-08T00:04:18.493Z"
"R-157","full-text","Bernardo Ibarra Infante","include","","2026-09-08T00:04:02.563Z"
"R-157","full-text","Remberto Sandoval Arechiga","include","","2026-09-08T00:04:56.350Z"
"R-158","title-abstract","Bernardo Ibarra Infante","include","","2026-09-08T00:03:23.059Z"
"R-158","title-abstract","Remberto Sandoval Arechiga","include","","2026-09-08T00:04:18.675Z"
"R-158","full-text","Bernardo Ibarra Infante","include","","2026-09-08T00:04:00.461Z"
"R-158","full-text","Remberto Sandoval Arechiga","include","","2026-09-08T00:04:55.527Z"
"R-159","title-abstract","Bernardo Ibarra Infante","include","","2026-09-08T00:03:23.256Z"
"R-159","title-abstract","Remberto Sandoval Arechiga","include","","2026-09-08T00:04:18.862Z"
"R-159","full-text","Bernardo Ibarra Infante","include","","2026-09-08T00:03:59.664Z"
"R-159","full-text","Remberto Sandoval Arechiga","include","","2026-09-08T00:04:54.548Z"
"R-160","title-abstract","Bernardo Ibarra Infante","include","","2026-09-08T00:03:23.449Z"
"R-160","title-abstract","Remberto Sandoval Arechiga","include","","2026-09-08T00:04:19.032Z"
"R-160","full-text","Bernardo Ibarra Infante","include","","2026-09-08T00:03:58.276Z"
"R-160","full-text","Remberto Sandoval Arechiga","include","","2026-09-08T00:04:51.777Z"
"R-161","title-abstract","Bernardo Ibarra Infante","include","","2026-09-08T00:03:23.646Z"
"R-161","title-abstract","Remberto Sandoval Arechiga","include","","2026-09-08T00:04:19.224Z"
"R-161","full-text","Bernardo Ibarra Infante","include","","2026-09-08T00:03:57.510Z"
"R-161","full-text","Remberto Sandoval Arechiga","include","","2026-09-08T00:04:50.587Z"
"R-162","title-abstract","Bernardo Ibarra Infante","include","","2026-09-08T00:03:23.808Z"
"R-162","title-abstract","Remberto Sandoval Arechiga","include","","2026-09-08T00:04:19.396Z"
"R-162","full-text","Bernardo Ibarra Infante","include","","2026-09-08T00:03:56.049Z"
"R-162","full-text","Remberto Sandoval Arechiga","include","","2026-09-08T00:04:49.418Z"
"R-163","title-abstract","Bernardo Ibarra Infante","include","","2026-09-08T00:03:23.958Z"
"R-163","title-abstract","Remberto Sandoval Arechiga","include","","2026-09-08T00:04:19.583Z"
"R-163","full-text","Bernardo Ibarra Infante","include","","2026-09-08T00:03:55.015Z"
"R-163","full-text","Remberto Sandoval Arechiga","include","","2026-09-08T00:04:48.277Z"
"R-164","title-abstract","Bernardo Ibarra Infante","include","","2026-09-08T00:03:24.426Z"
"R-164","title-abstract","Remberto Sandoval Arechiga","include","","2026-09-08T00:04:19.777Z"
"R-164","full-text","Bernardo Ibarra Infante","include","","2026-09-08T00:03:54.203Z"
"R-164","full-text","Remberto Sandoval Arechiga","include","","2026-09-08T00:04:47.219Z"
"R-165","title-abstract","Bernardo Ibarra Infante","include","","2026-09-08T00:03:24.607Z"
"R-165","title-abstract","Remberto Sandoval Arechiga","include","","2026-09-08T00:04:19.963Z"
"R-165","full-text","Bernardo Ibarra Infante","include","","2026-09-08T00:03:51.671Z"
"R-165","full-text","Remberto Sandoval Arechiga","include","","2026-09-08T00:04:45.939Z"
"R-166","title-abstract","Bernardo Ibarra Infante","include","","2026-09-08T00:03:24.948Z"
"R-166","title-abstract","Remberto Sandoval Arechiga","include","","2026-09-08T00:04:20.153Z"
"R-166","full-text","Bernardo Ibarra Infante","include","","2026-09-08T00:03:52.433Z"
"R-166","full-text","Remberto Sandoval Arechiga","include","","2026-09-08T00:04:44.047Z"
"R-167","title-abstract","Bernardo Ibarra Infante","include","","2026-09-08T00:03:25.145Z"
"R-167","title-abstract","Remberto Sandoval Arechiga","include","","2026-09-08T00:04:20.325Z"
"R-167","full-text","Bernardo Ibarra Infante","include","","2026-09-08T00:03:49.399Z"
"R-167","full-text","Remberto Sandoval Arechiga","include","","2026-09-08T00:04:42.486Z"
"R-168","title-abstract","Bernardo Ibarra Infante","include","","2026-09-08T00:03:25.327Z"
"R-168","title-abstract","Remberto Sandoval Arechiga","include","","2026-09-08T00:04:20.514Z"
"R-168","full-text","Bernardo Ibarra Infante","include","","2026-09-08T00:03:48.223Z"
"R-168","full-text","Remberto Sandoval Arechiga","include","","2026-09-08T00:04:41.784Z"
"R-169","title-abstract","Bernardo Ibarra Infante","include","","2026-09-08T00:03:25.490Z"
"R-169","title-abstract","Remberto Sandoval Arechiga","include","","2026-09-08T00:04:20.692Z"
"R-169","full-text","Bernardo Ibarra Infante","include","","2026-09-08T00:03:46.954Z"
"R-169","full-text","Remberto Sandoval Arechiga","include","","2026-09-08T00:04:39.056Z"
"R-170","title-abstract","Bernardo Ibarra Infante","include","","2026-09-08T00:03:25.655Z"
"R-170","title-abstract","Remberto Sandoval Arechiga","exclude","Wrong intervention","2026-09-08T22:32:16.486Z"
"R-170","full-text","Bernardo Ibarra Infante","include","","2026-09-08T00:03:46.234Z"
"R-170","full-text","Remberto Sandoval Arechiga","include","","2026-09-08T00:04:38.323Z"
"R-171","title-abstract","Bernardo Ibarra Infante","include","","2026-09-08T00:03:25.847Z"
"R-171","title-abstract","Remberto Sandoval Arechiga","include","","2026-09-08T00:04:21.052Z"
"R-171","full-text","Bernardo Ibarra Infante","include","","2026-09-08T00:03:45.046Z"
"R-171","full-text","Remberto Sandoval Arechiga","include","","2026-09-08T00:04:36.923Z"
"R-172","title-abstract","Bernardo Ibarra Infante","include","","2026-09-08T00:03:26.318Z"
"R-172","title-abstract","Remberto Sandoval Arechiga","include","","2026-09-08T00:04:21.235Z"
"R-172","full-text","Bernardo Ibarra Infante","include","","2026-09-08T00:03:42.862Z"
"R-172","full-text","Remberto Sandoval Arechiga","include","","2026-09-08T00:04:36.383Z"
"R-173","title-abstract","Bernardo Ibarra Infante","include","","2026-09-08T00:03:27.878Z"
"R-173","title-abstract","Remberto Sandoval Arechiga","include","","2026-09-08T00:04:21.430Z"
"R-173","full-text","Bernardo Ibarra Infante","include","","2026-09-08T00:03:41.405Z"
"R-173","full-text","Remberto Sandoval Arechiga","include","","2026-09-08T00:04:31.912Z"
"R-174","title-abstract","Bernardo Ibarra Infante","include","","2026-09-08T00:03:31.340Z"
"R-174","title-abstract","Remberto Sandoval Arechiga","include","","2026-09-08T00:04:23.363Z"
"R-174","full-text","Bernardo Ibarra Infante","include","","2026-09-08T00:03:40.655Z"
"R-174","full-text","Remberto Sandoval Arechiga","include","","2026-09-08T00:04:31.252Z"
"R-175","title-abstract","Bernardo Ibarra Infante","include","","2026-09-08T00:03:30.216Z"
"R-175","title-abstract","Remberto Sandoval Arechiga","exclude","Wrong intervention","2026-09-08T22:32:22.456Z"
"R-175","full-text","Bernardo Ibarra Infante","include","","2026-09-08T00:03:39.944Z"
"R-175","full-text","Remberto Sandoval Arechiga","include","","2026-09-08T00:04:30.451Z"